<?xml version="1.0"?>

<valgrindoutput>

<protocolversion>4</protocolversion>
<protocoltool>memcheck</protocoltool>

<preamble>
  <line>Memcheck, a memory error detector</line>
  <line>Copyright (C) 2002-2015, and GNU GPL'd, by Julian Seward et al.</line>
  <line>Using Valgrind-3.11.0 and LibVEX; rerun with -h for copyright info</line>
  <line>Command: /home/bcz/Codes/Debug/sdfasf/bin/Debug/sdfasf </line>
</preamble>

<pid>9793</pid>
<ppid>6999</ppid>
<tool>memcheck</tool>

<args>
  <vargv>
    <exe>/usr/bin/valgrind.bin</exe>
    <arg>--leak-check=full</arg>
    <arg>--track-origins=yes</arg>
    <arg>--xml=yes</arg>
    <arg>--xml-file=/home/bcz/Codes/Debug/sdfasf/ValgrindOut.xml</arg>
  </vargv>
  <argv>
    <exe>/home/bcz/Codes/Debug/sdfasf/bin/Debug/sdfasf</exe>
    <arg></arg>
  </argv>
</args>

<status>
  <state>RUNNING</state>
  <time>00:00:00:00.072 </time>
</status>

<error>
  <unique>0x1</unique>
  <tid>1</tid>
  <kind>UninitCondition</kind>
  <what>Conditional jump or move depends on uninitialised value(s)</what>
  <stack>
    <frame>
      <ip>0x400A1A</ip>
      <obj>/home/bcz/Codes/Debug/sdfasf/bin/Debug/sdfasf</obj>
      <fn>main</fn>
      <dir>/home/bcz/Codes/Debug/sdfasf</dir>
      <file>main.cpp</file>
      <line>13</line>
    </frame>
  </stack>
  <auxwhat>Uninitialised value was created by a stack allocation</auxwhat>
  <stack>
    <frame>
      <ip>0x4009DA</ip>
      <obj>/home/bcz/Codes/Debug/sdfasf/bin/Debug/sdfasf</obj>
      <fn>main</fn>
      <dir>/home/bcz/Codes/Debug/sdfasf</dir>
      <file>main.cpp</file>
      <line>8</line>
    </frame>
  </stack>
</error>

<error>
  <unique>0x2</unique>
  <tid>1</tid>
  <kind>UninitCondition</kind>
  <what>Conditional jump or move depends on uninitialised value(s)</what>
  <stack>
    <frame>
      <ip>0x4C30F69</ip>
      <obj>/usr/lib/valgrind/vgpreload_memcheck-amd64-linux.so</obj>
      <fn>strlen</fn>
    </frame>
    <frame>
      <ip>0x400A47</ip>
      <obj>/home/bcz/Codes/Debug/sdfasf/bin/Debug/sdfasf</obj>
      <fn>main</fn>
      <dir>/home/bcz/Codes/Debug/sdfasf</dir>
      <file>main.cpp</file>
      <line>16</line>
    </frame>
  </stack>
  <auxwhat>Uninitialised value was created by a stack allocation</auxwhat>
  <stack>
    <frame>
      <ip>0x4009DA</ip>
      <obj>/home/bcz/Codes/Debug/sdfasf/bin/Debug/sdfasf</obj>
      <fn>main</fn>
      <dir>/home/bcz/Codes/Debug/sdfasf</dir>
      <file>main.cpp</file>
      <line>8</line>
    </frame>
  </stack>
</error>

<error>
  <unique>0x3</unique>
  <tid>1</tid>
  <kind>UninitCondition</kind>
  <what>Conditional jump or move depends on uninitialised value(s)</what>
  <stack>
    <frame>
      <ip>0x4C30F78</ip>
      <obj>/usr/lib/valgrind/vgpreload_memcheck-amd64-linux.so</obj>
      <fn>strlen</fn>
    </frame>
    <frame>
      <ip>0x400A47</ip>
      <obj>/home/bcz/Codes/Debug/sdfasf/bin/Debug/sdfasf</obj>
      <fn>main</fn>
      <dir>/home/bcz/Codes/Debug/sdfasf</dir>
      <file>main.cpp</file>
      <line>16</line>
    </frame>
  </stack>
  <auxwhat>Uninitialised value was created by a stack allocation</auxwhat>
  <stack>
    <frame>
      <ip>0x4009DA</ip>
      <obj>/home/bcz/Codes/Debug/sdfasf/bin/Debug/sdfasf</obj>
      <fn>main</fn>
      <dir>/home/bcz/Codes/Debug/sdfasf</dir>
      <file>main.cpp</file>
      <line>8</line>
    </frame>
  </stack>
</error>

<error>
  <unique>0x7</unique>
  <tid>1</tid>
  <kind>UninitCondition</kind>
  <what>Conditional jump or move depends on uninitialised value(s)</what>
  <stack>
    <frame>
      <ip>0x400A86</ip>
      <obj>/home/bcz/Codes/Debug/sdfasf/bin/Debug/sdfasf</obj>
      <fn>main</fn>
      <dir>/home/bcz/Codes/Debug/sdfasf</dir>
      <file>main.cpp</file>
      <line>19</line>
    </frame>
  </stack>
  <auxwhat>Uninitialised value was created by a stack allocation</auxwhat>
  <stack>
    <frame>
      <ip>0x4009DA</ip>
      <obj>/home/bcz/Codes/Debug/sdfasf/bin/Debug/sdfasf</obj>
      <fn>main</fn>
      <dir>/home/bcz/Codes/Debug/sdfasf</dir>
      <file>main.cpp</file>
      <line>8</line>
    </frame>
  </stack>
</error>

<error>
  <unique>0xb</unique>
  <tid>1</tid>
  <kind>UninitCondition</kind>
  <what>Conditional jump or move depends on uninitialised value(s)</what>
  <stack>
    <frame>
      <ip>0x400B3E</ip>
      <obj>/home/bcz/Codes/Debug/sdfasf/bin/Debug/sdfasf</obj>
      <fn>main</fn>
      <dir>/home/bcz/Codes/Debug/sdfasf</dir>
      <file>main.cpp</file>
      <line>35</line>
    </frame>
  </stack>
  <auxwhat>Uninitialised value was created by a stack allocation</auxwhat>
  <stack>
    <frame>
      <ip>0x4009DA</ip>
      <obj>/home/bcz/Codes/Debug/sdfasf/bin/Debug/sdfasf</obj>
      <fn>main</fn>
      <dir>/home/bcz/Codes/Debug/sdfasf</dir>
      <file>main.cpp</file>
      <line>8</line>
    </frame>
  </stack>
</error>

<error>
  <unique>0xc</unique>
  <tid>1</tid>
  <kind>UninitValue</kind>
  <what>Use of uninitialised value of size 8</what>
  <stack>
    <frame>
      <ip>0x400B4C</ip>
      <obj>/home/bcz/Codes/Debug/sdfasf/bin/Debug/sdfasf</obj>
      <fn>main</fn>
      <dir>/home/bcz/Codes/Debug/sdfasf</dir>
      <file>main.cpp</file>
      <line>37</line>
    </frame>
  </stack>
  <auxwhat>Uninitialised value was created by a stack allocation</auxwhat>
  <stack>
    <frame>
      <ip>0x4009DA</ip>
      <obj>/home/bcz/Codes/Debug/sdfasf/bin/Debug/sdfasf</obj>
      <fn>main</fn>
      <dir>/home/bcz/Codes/Debug/sdfasf</dir>
      <file>main.cpp</file>
      <line>8</line>
    </frame>
  </stack>
</error>

<error>
  <unique>0xd</unique>
  <tid>1</tid>
  <kind>InvalidWrite</kind>
  <what>Invalid write of size 1</what>
  <stack>
    <frame>
      <ip>0x400B4C</ip>
      <obj>/home/bcz/Codes/Debug/sdfasf/bin/Debug/sdfasf</obj>
      <fn>main</fn>
      <dir>/home/bcz/Codes/Debug/sdfasf</dir>
      <file>main.cpp</file>
      <line>37</line>
    </frame>
  </stack>
  <auxwhat>Address 0x10041b8a7c is not stack'd, malloc'd or (recently) free'd</auxwhat>
</error>


<status>
  <state>FINISHED</state>
  <time>00:00:01:01.456 </time>
</status>

<errorcounts>
  <pair>
    <count>1</count>
    <unique>0xd</unique>
  </pair>
  <pair>
    <count>1</count>
    <unique>0xc</unique>
  </pair>
  <pair>
    <count>1</count>
    <unique>0xb</unique>
  </pair>
  <pair>
    <count>4</count>
    <unique>0x7</unique>
  </pair>
  <pair>
    <count>4</count>
    <unique>0x3</unique>
  </pair>
  <pair>
    <count>1</count>
    <unique>0x2</unique>
  </pair>
  <pair>
    <count>1</count>
    <unique>0x1</unique>
  </pair>
</errorcounts>

<suppcounts>
  <pair>
    <count>1</count>
    <name>dl-hack3-cond-1</name>
  </pair>
</suppcounts>

</valgrindoutput>

